review,label,domain,sentiment,rating,review_length,clean_review
teacher are punctual but they should also give us the some practical knowledge other than theortical,0.0,teaching,Neutral,5,100,teacher punctual also give practical knowledge theortical
Good ,1.0,teaching,Positive,8,5,good
Excellent lectures are delivered by teachers and all teachers are very punctual.,1.0,teaching,Positive,8,80,excellent lecture delivered teacher teacher punctual
Good,1.0,teaching,Positive,8,4,good
teachers give us all the information required to improve the performance.,1.0,teaching,Positive,8,73,teacher give information required improve performance
Yes,1.0,teaching,Positive,8,3,yes
good and punctual,1.0,teaching,Positive,8,17,good punctual
It is good,1.0,teaching,Positive,8,10,good
It's good when compare with my Btech lectures and teaching activities.,1.0,teaching,Positive,8,70,good compare btech lecture teaching activity
way of teaching is good,1.0,teaching,Positive,8,23,way teaching good
"University teaching here is very much dependent upon slides,though it is a easy way of teaching but still leaving some concepts unclear..otherwise interaction with the faculty is good.Lecture delivery sometimes is not upto the mark and punctuality is  fine. ",0.0,teaching,Neutral,5,258,university teaching much dependent upon slide though easy way teaching still leaving concept unclear otherwise interaction faculty good lecture delivery sometimes upto mark punctuality fine
As compared to other colleges and university our university is perfect in all the aspects,1.0,teaching,Positive,8,89,compared college university university perfect aspect
Lectures helps in clear our concept,1.0,teaching,Positive,8,35,lecture help clear concept
"Talk about punctuality, it's really good but the lecture delivery is somehow not appreciated because every teacher has different style of teaching, so lack of knowledge in terms of subject is there and interaction is also kind of boring. A teacher should be entertaining as well but they are really not. All they want us to be studios and disciplined which is really not the thinking of every student.",0.0,teaching,Neutral,5,401,talk punctuality really good lecture delivery somehow appreciated every teacher different style teaching lack knowledge term subject interaction also kind boring teacher entertaining well really want studio disciplined really thinking every student
"University is very good at delivering proper lectures,also the interaction with students is descent. Sometimes the teachers lack in terms of punctuality but overall university is giving a good input. ",1.0,teaching,Positive,8,200,university good delivering proper lecture also interaction student descent sometimes teacher lack term punctuality overall university giving good input
lecturer are punctual and can interact them easily.,1.0,teaching,Positive,8,51,lecturer punctual interact easily
Punctuality is good. Most of the teachers are not interacting with students .,0.0,teaching,Neutral,5,77,punctuality good teacher interacting student
nice,1.0,teaching,Positive,8,4,nice
lecture delivery is not so good,-1.0,teaching,Negative,2,31,lecture delivery good
It's good,1.0,teaching,Positive,8,9,good
"Discipline, punctuality , lecture delivery all are good but hv to do some work for quality of lecture",1.0,teaching,Positive,8,101,discipline punctuality lecture delivery good work quality lecture
"Interaction is very good,accurate supplement material is provided but recommendation of books is very poor,the change of a particular teacher after 3 months or a semester of same subject causes problems",0.0,teaching,Neutral,5,202,interaction good accurate supplement material provided recommendation book poor change particular teacher month semester subject cause problem
Perfect,1.0,teaching,Positive,8,7,perfect
It is really gud,1.0,teaching,Positive,8,16,really gud
Very good teaching and management but too much load on student and working hours,0.0,teaching,Neutral,5,80,good teaching management much load student working hour
in terms of lecture delivery that is good.in terms of punctuality that is also good but in terms of intraction that is very bad. There are some teachers they donot interact and do not litsn our problms that means they do not coprate.,-1.0,teaching,Negative,2,233,term lecture delivery good term punctuality also good term intraction bad teacher donot interact litsn problms mean coprate
According to me everything is going well in accordance to interaction.More than enough is served. ,1.0,teaching,Positive,8,98,according everything going well accordance interaction enough served
not effective and satisfactory in terms of lecture delivery by all the faculty .,-1.0,teaching,Negative,2,80,effective satisfactory term lecture delivery faculty
Accurate,1.0,teaching,Positive,8,8,accurate
it is good depending on the faculty,1.0,teaching,Positive,8,35,good depending faculty
"maintained punctuality, good lecture delivery",1.0,teaching,Positive,8,45,maintained punctuality good lecture delivery
average,0.0,teaching,Neutral,5,7,average
good,1.0,teaching,Positive,8,4,good
"it is quite good , depending on teacher and their experience",1.0,teaching,Positive,8,60,quite good depending teacher experience
"it is quite good , depends upon teacher and their experience",1.0,teaching,Positive,8,60,quite good depends upon teacher experience
the way of teaching is good but the time more than enough,1.0,teaching,Positive,8,57,way teaching good time enough
good teaching delivery,1.0,teaching,Positive,8,22,good teaching delivery
"good, teacher is delivery the lecture in the best way they can",1.0,teaching,Positive,8,62,good teacher delivery lecture best way
good and qualified teachers but few lacks in interaction with students and fails to describe a topic,0.0,teaching,Neutral,5,100,good qualified teacher lack interaction student fails describe topic
"very good teaching facilities, lecture given are fruitful and teachers are punctual",1.0,teaching,Positive,8,83,good teaching facility lecture given fruitful teacher punctual
interaction is good but not with mostly male lecturers.punctuality is maintained by everyone but lecture delivery not peak quality.,0.0,teaching,Neutral,5,131,interaction good mostly male lecturer punctuality maintained everyone lecture delivery peak quality
all things are good,1.0,teaching,Positive,8,19,thing good
all activties are good,1.0,teaching,Positive,8,22,activties good
All is good. no other university is so serious about the concept of practicals.,1.0,teaching,Positive,8,79,good university serious concept practicals
"lecture delivery depends on teacher's knowledge, punctuality is good",1.0,teaching,Positive,8,68,lecture delivery depends teacher knowledge punctuality good
way of teaching is average,1.0,teaching,Positive,8,26,way teaching average
not so good,-1.0,teaching,Negative,2,11,good
the staff is highly punctual ad interactive and encourage students to participate in the class,1.0,teaching,Positive,8,94,staff highly punctual interactive encourage student participate class
"staff and faculty members are always available for interaction, very punctual and delivery of lecture can be improved",1.0,teaching,Positive,8,117,staff faculty member always available interaction punctual delivery lecture improved
good delivery,1.0,teaching,Positive,8,13,good delivery
"our university is good in terms of lecture delivery,interaction and punctuality",1.0,teaching,Positive,8,79,university good term lecture delivery interaction punctuality
very good,1.0,teaching,Positive,8,9,good
"interaction satisfied, lecture delivery good,punctuality always on time",1.0,teaching,Positive,8,71,interaction satisfied lecture delivery good punctuality always time
Excellent but it depends upon teacher,1.0,teaching,Positive,8,37,excellent depends upon teacher
 very good.,1.0,teaching,Positive,8,11,good
some teachers aren't doing their jobs in very well manner,-1.0,teaching,Negative,2,57,teacher job well manner
Some of the teachers are not well experienced but they are interactive and helpful and punctual.,1.0,teaching,Positive,8,96,teacher well experienced interactive helpful punctual
not all the teachers are teaching well but it's fine,0.0,teaching,Neutral,5,52,teacher teaching well fine
EXCELLENT,1.0,teaching,Positive,8,9,excellent
"The faculty is good ,interaction between student and teacher is also good",1.0,teaching,Positive,8,73,faculty good interaction student teacher also good
not good,-1.0,teaching,Negative,2,8,good
some of our faculty member are not so experienced that's why most of the time we are facing problems subjects like CSE(c++),-1.0,teaching,Negative,2,123,faculty member experienced time facing problem subject like cse
its to good ,1.0,teaching,Positive,8,12,good
everything is good ,1.0,teaching,Positive,8,19,everything good
"everything is good but when coming to some lectures who dont have a good grip on subject,they dont behave well with students and they dont even teach all the concepts in the subject. ",-1.0,teaching,Negative,2,183,everything good coming lecture dont good grip subject dont behave well student dont even teach concept subject
excellent,1.0,teaching,Positive,8,9,excellent
"everything was good regarding to university but, some lecturers don't have grip on the subject and lag in the teaching",0.0,teaching,Neutral,5,118,everything good regarding university lecturer grip subject lag teaching
normal,0.0,teaching,Neutral,5,6,normal
teaching activities of our university is good. i am satisfied with it.,1.0,teaching,Positive,8,70,teaching activity university good satisfied
GOOD,1.0,teaching,Positive,8,4,good
everything is good for faculty,1.0,teaching,Positive,8,30,everything good faculty
satisfactory,1.0,teaching,Positive,8,12,satisfactory
all are good,1.0,teaching,Positive,8,12,good
good but not good . sir improve the subject,0.0,teaching,Neutral,5,43,good good sir improve subject
"The university is good but it also has a long way to go. More teachers should have their PhD and college fests related to academic curriculum must be improved to a great extent and must be managed properly.The interaction is good, lecture delivery needs more lucidity. The punctuality is top notch.",0.0,teaching,Neutral,5,298,university good also long way teacher phd college fests related academic curriculum must improved great extent must managed properly interaction good lecture delivery need lucidity punctuality top notch
"our university is good in punctuality,lecture delivery but it is not good in terms of interaction",1.0,teaching,Positive,8,97,university good punctuality lecture delivery good term interaction
"interaction is very less ,when it comes to lecture delivery its fine but the co cordination not there between the lectueres",-1.0,teaching,Negative,2,123,interaction less come lecture delivery fine cordination lectueres
All lectures are giving their best to teach the students,1.0,teaching,Positive,8,56,lecture giving best teach student
our university is very good but in terms of interaction of teachers wd students is not at all fair because they interact wd only students understands his/her teaching they don't make remaining students to understand the topic ,-1.0,teaching,Negative,2,226,university good term interaction teacher student fair interact student understands teaching make remaining student understand topic
The university consists of a whole world in itself.It is diverse and manages to conduct all events properly.I love being the part of this university where we get equal and all opportunities in all respects and fields.,1.0,teaching,Positive,8,217,university consists whole world diverse manages conduct event properly love part university get equal opportunity respect field
"teachers are pretty interactive,But it all depends on the student to gain as much as knowledge he can from the teacher.Teachers are punctual and very helpful during exams time.",1.0,teaching,Positive,8,176,teacher pretty interactive depends student gain much knowledge teacher teacher punctual helpful exam time
teaching delivery is good .but it is better to reduce there speed of  lecture delivery to understand the student better,0.0,teaching,Neutral,5,119,teaching delivery good better reduce speed lecture delivery understand student better
"overall rating on this activity is 4.5/5 .very nice teaching and interaction between students and lectures was good, every time there will be new and fresh style in  delivering the lectures ,thanks.


 ",1.0,teaching,Positive,8,202,overall rating activity nice teaching interaction student lecture good every time new fresh style delivering lecture thanks
"excellent, but reduse the speed of teaching  ,up to understand the students",0.0,teaching,Neutral,5,75,excellent reduse speed teaching understand student
"teaching is ok but the interaction with the students need to improve, i mean they have to focus on dull students more  than intelligents....",0.0,teaching,Neutral,5,140,teaching interaction student need improve mean focus dull student intelligents
Interaction is good but it should b more ...rest is too perfect,1.0,teaching,Positive,8,63,interaction good rest perfect
"teachers are good in subject,and punctuality",1.0,teaching,Positive,8,44,teacher good subject punctuality
Everything would be fine if there are less number of students in our btech CSE.,0.0,teaching,Neutral,5,79,everything would fine less number student btech cse
good ,1.0,teaching,Positive,8,5,good
faculties are doing quite well but need more senior lecturers.,0.0,teaching,Neutral,5,62,faculty quite well need senior lecturer
satisfied,1.0,teaching,Positive,8,9,satisfied
"examination department is not good, teaching is quite good, I cant get extra time for extra knowledge, interaction is good


",1.0,teaching,Positive,8,125,examination department good teaching quite good cant get extra time extra knowledge interaction good
Well and Good,1.0,teaching,Positive,8,13,well good
university management is extordinary but some of the faculty is very bad,0.0,teaching,Neutral,5,72,university management extordinary faculty bad
"some lectures are excellent,but not everyone",0.0,teaching,Neutral,5,44,lecture excellent everyone
It is very good learning in this university,1.0,teaching,Positive,8,43,good learning university
its  booring,0.0,teaching,Neutral,5,12,booring
teaching is good but some lecturers are showing partiality between south people and north people,0.0,teaching,Neutral,5,96,teaching good lecturer showing partiality south people north people
"teaching is good but some teachers are not able to interact properly and are not able to clear the concepts properly, teachers are punctual. 
",0.0,teaching,Neutral,5,142,teaching good teacher able interact properly able clear concept properly teacher punctual
"Everything is very good. Interaction part is something like teachers mostly interact with each and every student, lecture delivery is very good and punctuality always maintains.",1.0,teaching,Positive,8,177,everything good interaction part something like teacher mostly interact every student lecture delivery good punctuality always maintains
"I am very much satisfied with teaching faculty interms of iteraction,lecture delivery, punctuality etc",1.0,teaching,Positive,8,102,much satisfied teaching faculty interms iteraction lecture delivery punctuality etc
they are showing partiality between north indians and south indians,-1.0,teaching,Negative,2,67,showing partiality north indian south indian
"Interaction is satisfying, Lecture delivery is Good, Punctuality is Excellent

",1.0,teaching,Positive,8,79,interaction satisfying lecture delivery good punctuality excellent
staff is showing partiality between north indians and south indians ,-1.0,teaching,Negative,2,68,staff showing partiality north indian south indian
excellent university  the mode of teaching is completely different than any other university in india. lecturers are very friendly with every one they interact just like friends and they are very punctual,1.0,teaching,Positive,8,204,excellent university mode teaching completely different university india lecturer friendly every one interact like friend punctual
lecture delivery and punctuality was good but the interaction with students was not good.,0.0,teaching,Neutral,5,89,lecture delivery punctuality good interaction student good
punctuality and lecture is good here but interaction isn't good.,0.0,teaching,Neutral,5,64,punctuality lecture good interaction good
good enough,1.0,teaching,Positive,8,11,good enough
"In this university there is good interaction with the students, Teachers in this university can deliver the lectures effectively, There is good punctuality in this university

",1.0,teaching,Positive,8,176,university good interaction student teacher university deliver lecture effectively good punctuality university
Very good indeed. ,1.0,teaching,Positive,8,18,good indeed
"Teaching is excellent,but lecture delivery is not up to the mark.Punctuality is good",1.0,teaching,Positive,8,84,teaching excellent lecture delivery mark punctuality good
interaction of some faculty was good but not all faculty..,0.0,teaching,Neutral,5,58,interaction faculty good faculty
"good, and also like the teaching style",1.0,teaching,Positive,8,38,good also like teaching style
"Interaction between students and teachers is good ,The lectures delivery is fine, punctuality is good
 

",1.0,teaching,Positive,8,105,interaction student teacher good lecture delivery fine punctuality good
not bad,1.0,teaching,Positive,8,7,bad
Its Quite Good,1.0,teaching,Positive,8,14,quite good
very good indeed,1.0,teaching,Positive,8,16,good indeed
not bad..,1.0,teaching,Positive,8,9,bad
teaching is good some lecturers are showing partiality between south people and north people,0.0,teaching,Neutral,5,92,teaching good lecturer showing partiality south people north people
I WAS A STUDENT OF A BOARDING SCHOOL .....(jnv) I STUDIED FOR 7  YEARS THERE RESIDING IN HOSTEL ..NOW LIVING IN LPU IS SAME LIKE THAT..AND STILL MORE SAME AND PUNCTUALITY IS SHOWN HERE BY BOTH TEACHERS AND STUDENTS...AND ALSO BY THE STAFF..          SECURITY IS ABOVE 90%(IN CASE OF  STUDENT IS WELL MANURED)  ....CLASSES REGULAR ....SPORTS DAILY.....PARTICIPATION WELL/.......QUALITY BELOW AVERAGE,0.0,teaching,Neutral,5,398,student boarding school jnv studied year residing hostel living lpu like still punctuality shown teacher student also staff security case student well manured class regular sport daily participation well quality average
All terms are good regarding the university activities,1.0,teaching,Positive,8,54,term good regarding university activity
intraction is good and leacture delivery also good and then punctuality is also is good,1.0,teaching,Positive,8,87,intraction good leacture delivery also good punctuality also good
all the given terms are good regarding the university ,1.0,teaching,Positive,8,54,given term good regarding university
All the terms are good regarding the university activities.,1.0,teaching,Positive,8,59,term good regarding university activity
Some of the teacher are un experienced. Also they are unfair and baised. Infact many of the teachers are having few or no experience about the subject ,-1.0,teaching,Negative,2,151,teacher experienced also unfair baised infact many teacher experience subject
IT IS GOING GOOD,1.0,teaching,Positive,8,16,going good
content of courses are average,0.0,coursecontent,Neutral,5,30,content course average
Not good,-1.0,coursecontent,Negative,2,8,good
All courses material provide very good knowledge in depth .,1.0,coursecontent,Positive,8,59,course material provide good knowledge depth
"Content of course is perfectly in line with the teaching philosophy that is being perpetuated here i.e cramming,rote learning.",-1.0,coursecontent,Negative,2,126,content course perfectly line teaching philosophy perpetuated cramming rote learning
content of courses improves my knowledge,1.0,coursecontent,Positive,8,40,content course improves knowledge
This semester university has provide best teachers ,1.0,coursecontent,Positive,8,51,semester university provide best teacher
Needs some improvement,-1.0,coursecontent,Negative,2,22,need improvement
Knowledge  and depth of the course  is good but while coming to the material it's not upto the mark.,0.0,coursecontent,Neutral,5,100,knowledge depth course good coming material upto mark
"Knowledge,depth of course is good but course material are not upto the mark",0.0,coursecontent,Neutral,5,75,knowledge depth course good course material upto mark
course content is knowledgeable ,1.0,coursecontent,Positive,8,32,course content knowledgeable
Content of the courses is good but some courses need improvement. Course material is not upto the mark. ,-1.0,coursecontent,Negative,2,104,content course good course need improvement course material upto mark
Very good,1.0,coursecontent,Positive,8,9,good
Material of the course is not good enough ,-1.0,coursecontent,Negative,2,42,material course good enough
sometimes proper course material is not required.,-1.0,coursecontent,Negative,2,49,sometimes proper course material required
Easily available course material with sufficient knowledge gaining,1.0,coursecontent,Positive,8,66,easily available course material sufficient knowledge gaining
"The materials or links provided for study purpose is good, clarity in depth of courses but again it differs from teacher to teacher.",1.0,coursecontent,Positive,8,132,material link provided study purpose good clarity depth course differs teacher teacher
The course notes are very knowledgeable and proper.,1.0,coursecontent,Positive,8,51,course note knowledgeable proper
content of the courses are update and mostly based on current technology.,1.0,coursecontent,Positive,8,73,content course update mostly based current technology
Teachers are not giving depth of course . They trying to cover there work only .,-1.0,coursecontent,Negative,2,80,teacher giving depth course trying cover work
every thing is fine,1.0,coursecontent,Positive,8,19,every thing fine
It's appreciable,1.0,coursecontent,Positive,8,16,appreciable
Satisfied,1.0,coursecontent,Positive,8,9,satisfied
The books that are recommended do not contain appropriate content; leads the students to depend on slides given by teachers. Hence the knowledge remains superficial,-1.0,coursecontent,Negative,2,164,book recommended contain appropriate content lead student depend slide given teacher hence knowledge remains superficial
Awesome,1.0,coursecontent,Positive,8,7,awesome
It is proper,1.0,coursecontent,Positive,8,12,proper
Courses are very good and useful ,1.0,coursecontent,Positive,8,33,course good useful
Its good,1.0,coursecontent,Positive,8,8,good
Everything is fine. Every thing is taught in depth.Even a single point is elaborated enough to understand. ,1.0,coursecontent,Positive,8,107,everything fine every thing taught depth even single point elaborated enough understand
content is good enough,1.0,coursecontent,Positive,8,22,content good enough
the material provided is beneficial and provides much knowledge,1.0,coursecontent,Positive,8,63,material provided beneficial provides much knowledge
fully knowledgeable,1.0,coursecontent,Positive,8,19,fully knowledgeable
well planned,1.0,coursecontent,Positive,8,12,well planned
content is very knowledgable and gives us huge knowledge of every subject,1.0,coursecontent,Positive,8,73,content knowledgable give huge knowledge every subject
"content is enough, we donot need more.",1.0,coursecontent,Positive,8,38,content enough donot need
good quallity content but some teachers donot upload ppts on time,0.0,coursecontent,Neutral,5,65,good quallity content teacher donot upload ppts time
course content is good,1.0,coursecontent,Positive,8,22,course content good
the content of the course is knowledgeable,1.0,coursecontent,Positive,8,42,content course knowledgeable
subjects are appropriate but much depth is required as syllabus includes only basics not the details,0.0,coursecontent,Neutral,5,100,subject appropriate much depth required syllabus includes basic detail
some courses are irrelevant as they are not related to my stream.,-1.0,coursecontent,Negative,2,65,course irrelevant related stream
there are many courses which are irrelevant to the branch. some topics are not covered. There is no proper material for any course,-1.0,coursecontent,Negative,2,130,many course irrelevant branch topic covered proper material course
not too bad,1.0,coursecontent,Positive,8,11,bad
course material is perfect,1.0,coursecontent,Positive,8,26,course material perfect
IP is provided to the students which is very helpful for the students.,1.0,coursecontent,Positive,8,70,provided student helpful student
depth of course is less on the other hand knowledge and material is good,0.0,coursecontent,Neutral,5,72,depth course less hand knowledge material good
content does not provide deep knowledge,-1.0,coursecontent,Negative,2,39,content provide deep knowledge
sometime it is irrelevent with the ongoing courses.,-1.0,coursecontent,Negative,2,51,sometime irrelevent ongoing course
average(in one term there should be only two major subjects based on numerical),0.0,coursecontent,Neutral,5,79,average one term two major subject based numerical
some of them are very helpful and knowledgeable and some are just formality,0.0,coursecontent,Neutral,5,75,helpful knowledgeable formality
"very knowledgeable, some subjects do not have dedicated material like books available",0.0,coursecontent,Neutral,5,85,knowledgeable subject dedicated material like book available
optimum content,1.0,coursecontent,Positive,8,15,optimum content
it is not appropriate,-1.0,coursecontent,Negative,2,21,appropriate
Satisfied knowedgeable and proper course material,1.0,coursecontent,Positive,8,49,satisfied knowedgeable proper course material
"Good, but there should be at least one a practical subject in every semester",1.0,coursecontent,Positive,8,76,good least one practical subject every semester
 good.,1.0,coursecontent,Positive,8,6,good
it is not very deep,-1.0,coursecontent,Negative,2,19,deep
course contents are very much relevant to our courses,1.0,coursecontent,Positive,8,53,course content much relevant course
The course structure is good and follows todays technology. Some subjects portion are too vast and are difficult to cover in 1 sem,0.0,coursecontent,Neutral,5,130,course structure good follows today technology subject portion vast difficult cover sem
content of the course is good ,1.0,coursecontent,Positive,8,30,content course good
syllabus is not in debth,-1.0,coursecontent,Negative,2,24,syllabus debth
Excellent,1.0,coursecontent,Positive,8,9,excellent
as per the courses all the sub are providing  worth knowledge,1.0,coursecontent,Positive,8,61,per course sub providing worth knowledge
i dont know,0.0,coursecontent,Neutral,5,11,dont know
regarding the courses everything is good,1.0,coursecontent,Positive,8,40,regarding course everything good
coming to the courses these are very well planned... and it all depends on the lectures.,1.0,coursecontent,Positive,8,88,coming course well planned depends lecture
upto the mark,1.0,coursecontent,Positive,8,13,upto mark
It is so good.,1.0,coursecontent,Positive,8,14,good
content of course is ample but depth must be more,0.0,coursecontent,Neutral,5,49,content course ample depth must
COURSE IS GOOD NO PROPER COURSE MATERIAL,0.0,coursecontent,Neutral,5,40,course good proper course material
Content of the courses should be changed a bit. More of industry oriented feature like Linux and GitHub must be implemented. Proper detailing and advanced knowledge is required and is to be instilled in the students.The course material is good.,-1.0,coursecontent,Negative,2,244,content course changed bit industry oriented feature like linux github must implemented proper detailing advanced knowledge required instilled student course material good
"good it was knowledgeable,depth of the course is good,there is but proper course materials in only for some  subjects",1.0,coursecontent,Positive,8,117,good knowledgeable depth course good proper course material subject
very good and you can also increase the standard of Courses,1.0,coursecontent,Positive,8,59,good also increase standard course
The courses available in the university have got a scope and the teaching of these courses goes on with the point of view of bringing out the best from the student by indulging them in different activities and projects.,1.0,coursecontent,Positive,8,219,course available university got scope teaching course go point view bringing best student indulging different activity project
content of course is more than enough to get the basics of that particular subject.,1.0,coursecontent,Positive,8,83,content course enough get basic particular subject
courses are also good .but lt of subjects in cse departments at 1st year it feels like burden upon us,0.0,coursecontent,Neutral,5,101,course also good subject cse department year feel like burden upon
 my rating in this is 4/5,1.0,coursecontent,Positive,8,25,rating
"good,they work very hard for us",0.0,coursecontent,Neutral,5,31,good work hard
syllabus is more which required time ..it should b less so that student can proper concentrate getting the knowlegde instead of just covering the syllabusgood,-1.0,coursecontent,Negative,2,158,syllabus required time less student proper concentrate getting knowlegde instead covering syllabusgood
when compared to other universities we need better material and exposure.,-1.0,coursecontent,Negative,2,73,compared university need better material exposure
the content of the course should be increased with the depth.,-1.0,coursecontent,Negative,2,61,content course increased depth
content provided by you is excellent so that we learnt more and more about that particular subject,1.0,coursecontent,Positive,8,98,content provided excellent learnt particular subject
content of course is appropriate ,1.0,coursecontent,Positive,8,33,content course appropriate
The content of course should be increase with depth,-1.0,coursecontent,Negative,2,51,content course increase depth
In my opnion very less content is their in our syllabus..it will be good if there is more syllabus and depth included in our syllabus,-1.0,coursecontent,Negative,2,133,opnion less content syllabus good syllabus depth included syllabus
some of the faculty are not uploading ppts,-1.0,coursecontent,Negative,2,42,faculty uploading ppts
it is good learning these courses,1.0,coursecontent,Positive,8,33,good learning course
its very tough and very diffcult to understand,-1.0,coursecontent,Negative,2,46,tough diffcult understand
Nice,1.0,coursecontent,Positive,8,4,nice
yeah! well some of the faculty are not teaching well but the schedule of the university are superb ... and university asked feedback from us .that is really helpful,0.0,coursecontent,Neutral,5,164,yeah well faculty teaching well schedule university superb university asked feedback really helpful
The content of the courses are good but depth of courses are not enough to get the good concepts.,0.0,coursecontent,Neutral,5,97,content course good depth course enough get good concept
content is sufficient for us ,1.0,coursecontent,Positive,8,29,content sufficient
"I like communication classes,courses are good",1.0,coursecontent,Positive,8,45,like communication class course good
they are giving good knowledge for us,1.0,coursecontent,Positive,8,37,giving good knowledge
"Knowledgeable is Good, Depth of course is satisfying, proper course material is also good

",1.0,coursecontent,Positive,8,91,knowledgeable good depth course satisfying proper course material also good
its good,1.0,coursecontent,Positive,8,8,good
every thing is good subjects have a very good depth almost all the  books are available   in the library and more than that 4/5,1.0,coursecontent,Positive,8,127,every thing good subject good depth almost book available library
Its nice .,1.0,coursecontent,Positive,8,10,nice
not good ,-1.0,coursecontent,Negative,2,9,good
"The material provided in this university is depth of course, The courses in this university is knowledgeable
",1.0,coursecontent,Positive,8,109,material provided university depth course course university knowledgeable
The depth of course is very much  deep. According to me its very essential,1.0,coursecontent,Positive,8,74,depth course much deep according essential
Some subjects are good and predictable.Remaining courses are not satisfactory,0.0,coursecontent,Neutral,5,77,subject good predictable remaining course satisfactory
depth  of course was good ....providing a basic knowledge not so deep in subjects....at least they should provide deep knowledge and syllabus in core subjects...,0.0,coursecontent,Neutral,5,161,depth course good providing basic knowledge deep subject least provide deep knowledge syllabus core subject
I like this very much because every subject is linked up with real life situations and every thing in the subject is use full,1.0,coursecontent,Positive,8,125,like much every subject linked real life situation every thing subject use full
"depth of the course are depended on the level of student intake, course material is delivered after the class in UMS 

",0.0,coursecontent,Neutral,5,119,depth course depended level student intake course material delivered class ums
Pretty Good ,1.0,coursecontent,Positive,8,12,pretty good
Is good,1.0,coursecontent,Positive,8,7,good
not good enough.. we want something more.,-1.0,coursecontent,Negative,2,41,good enough want something
LESS TIME FOR STUDY ...LESS TIME FOR PAPER ATTEMTING...LESS TIME FOR EVERY THING ....LESS KNOWLEGE.....LESS DEPTH OF COURSE .....BUT PROPER COURSE MATERIAL ACCORDING TO EXAM,-1.0,coursecontent,Negative,2,173,less time study less time paper attemting less time every thing less knowlege less depth course proper course material according exam
knowledge is maximum gained by reading books also the teachers explain depth if we are interested to know about it.,0.0,coursecontent,Neutral,5,115,knowledge maximum gained reading book also teacher explain depth interested know
HAVE TO IMPROVE,-1.0,coursecontent,Negative,2,15,improve
every one can tell depth of course but some one only give notes,0.0,coursecontent,Neutral,5,63,every one tell depth course one give note
we are getting maximum knowledge ,1.0,coursecontent,Positive,8,33,getting maximum knowledge
Knowledge is maximum gained  by reading books and also teachers explain the concept in depth.,1.0,coursecontent,Positive,8,93,knowledge maximum gained reading book also teacher explain concept depth
Its fine but it should focus more towards practical knowledge rather than content based. It would be helpful for us.,0.0,coursecontent,Neutral,5,116,fine focus towards practical knowledge rather content based would helpful
examination pattern is good,1.0,examination,Positive,8,27,examination pattern good
"Exam pattern is up to the mark and the Cgpa depends on the various marks distributions like ca, mte etc which is very nice as compare to other institutions. Paper checking does not depend on length of ques but on the material which is the best part of it.",1.0,examination,Positive,8,255,exam pattern mark cgpa depends various mark distribution like mte etc nice compare institution paper checking depend length ques material best part
Again the university tests students of their ability to memorize stuff. Questions should emphasize more on concepts rather than testing brain's cramming storage house.,-1.0,examination,Negative,2,167,university test student ability memorize stuff question emphasize concept rather testing brain cramming storage house
I like the question pattern,1.0,examination,Positive,8,27,like question pattern
"This university is far better than other university when coming to the exam pattern,marks disturbation and while coming to paper checking no biased corrections equal to all. ",1.0,examination,Positive,8,174,university far better university coming exam pattern mark disturbation coming paper checking biased correction equal
Great,1.0,examination,Positive,8,5,great
exam pattern is good and good paper checking.,1.0,examination,Positive,8,45,exam pattern good good paper checking
Pattern and procedure of the examination is very good. Paper checking needed to be improved.,0.0,examination,Neutral,5,92,pattern procedure examination good paper checking needed improved
Excellent ,1.0,examination,Positive,8,10,excellent
Good marks distribution Students can easily check there performance throught the semester,1.0,examination,Positive,8,89,good mark distribution student easily check performance throught semester
"Exam pattern and how it is conducted is really seems to be good but it's my first year and when I went to scrutiny for the first time it was not as per my expectations. Teachers have marked the answers as per their choice, they must look for the content rather than the length of answers. So poor paper checking is there.",0.0,examination,Neutral,5,321,exam pattern conducted really seems good first year went scrutiny first time per expectation teacher marked answer per choice must look content rather length answer poor paper checking
Descent.,1.0,examination,Positive,8,8,descent
Excellect,1.0,examination,Positive,8,9,excellect
exam pattern and marks distribution is very well procedure,1.0,examination,Positive,8,58,exam pattern mark distribution well procedure
Average,0.0,examination,Neutral,5,7,average
It is statisfactory.,1.0,examination,Positive,8,20,statisfactory
all good,1.0,examination,Positive,8,8,good
"Not that much good 
Students are working so hard
But they aren't getting satisfactory result",-1.0,examination,Negative,2,92,much good student working hard getting satisfactory result
All are good except paper checking. It should be improved,0.0,examination,Neutral,5,57,good except paper checking improved
Overall all these things are the plus point of the university,1.0,examination,Positive,8,61,overall thing plus point university
Notbad,1.0,examination,Positive,8,6,notbad
It is very gud,1.0,examination,Positive,8,14,gud
Examination pattern is good but marks distribution very confusing,0.0,examination,Neutral,5,65,examination pattern good mark distribution confusing
"Exam pattren is good, marks distribution is also good bt paper cheacking is very tight.",1.0,examination,Positive,8,87,exam pattren good mark distribution also good paper cheacking tight
Everything is fine. ,1.0,examination,Positive,8,20,everything fine
satisfactory ,1.0,examination,Positive,8,13,satisfactory
it is neither too good nor too bad,0.0,examination,Neutral,5,34,neither good bad
"examination pattern, marks, paper checking is good.",1.0,examination,Positive,8,51,examination pattern mark paper checking good
"too many examination, we are frustrated",-1.0,examination,Negative,2,39,many examination frustrated
too much examinations,0.0,examination,Neutral,5,21,much examination
examination including exam pattern is good in some ways.MCQs shouls given to students for the preparation of exams.,1.0,examination,Positive,8,115,examination including exam pattern good way mcqs shouls given student preparation exam
the level of examination should be raised. Questions with reasoning must be included,-1.0,examination,Negative,2,84,level examination raised question reasoning must included
fair marking scheme and adaptable pattern,1.0,examination,Positive,8,41,fair marking scheme adaptable pattern
pattern of examination is good but paper checking is not at all going in a good way.,0.0,examination,Neutral,5,84,pattern examination good paper checking going good way
there should not be negative marking,-1.0,examination,Negative,2,36,negative marking
All is good .,1.0,examination,Positive,8,13,good
"I like it , i am satisfied all these work",1.0,examination,Positive,8,41,like satisfied work
excellent ,1.0,examination,Positive,8,10,excellent
quite good,1.0,examination,Positive,8,10,quite good
very poor,-1.0,examination,Negative,2,9,poor
exam pattern is good and good paper checking but paper checking can be improved,1.0,examination,Positive,8,79,exam pattern good good paper checking paper checking improved
"exam pattern is good, very well marks distribution and paper checking varies from faculty to faculty.",1.0,examination,Positive,8,101,exam pattern good well mark distribution paper checking varies faculty faculty
all excellent,1.0,examination,Positive,8,13,excellent
marks distribution is good but paper checking is not that well,0.0,examination,Neutral,5,62,mark distribution good paper checking well
Very Tough,-1.0,examination,Negative,2,10,tough
good.,1.0,examination,Positive,8,5,good
it is good,1.0,examination,Positive,8,10,good
bad,-1.0,examination,Negative,2,3,bad
Examination pattern is good but mcq paper checking marks are not correct sometimes.,0.0,examination,Neutral,5,83,examination pattern good mcq paper checking mark correct sometimes
very strict,-1.0,examination,Negative,2,11,strict
It is a good way in pattern,1.0,examination,Positive,8,27,good way pattern
as per the exam pattern maths exam always have to be subjective rather than objective.,-1.0,examination,Negative,2,86,per exam pattern math exam always subjective rather objective
its very bad thing not sowing answer of mcQ in exam we dont jiged what is rigth and rong where mak mistacvk ,-1.0,examination,Negative,2,108,bad thing sowing answer mcq exam dont jiged rigth rong mak mistacvk
coming to the examinations it is good,1.0,examination,Positive,8,37,coming examination good
In CA's its in the hands of lectures... while in mte's and ete's its good.,0.0,examination,Neutral,5,74,hand lecture mte ete good
i think mid trem should be also subjective ,0.0,examination,Neutral,5,43,think mid trem also subjective
exam pattern and marks distribution are good,1.0,examination,Positive,8,44,exam pattern mark distribution good
Examination pattern and marks distribution all the terms are good.Ca and MTE also give the chance to students for improving.,1.0,examination,Positive,8,124,examination pattern mark distribution term good mte also give chance student improving
in examinations please try to give question papers,0.0,examination,Neutral,5,50,examination please try give question paper
GOOD AND STRICT,1.0,examination,Positive,8,15,good strict
not much good ,-1.0,examination,Negative,2,14,much good
exams conducting is very good .but paper correction is very bad,0.0,examination,Neutral,5,63,exam conducting good paper correction bad
The examination pattern is good. More of logic based and subjective questions to be asked which is based upon conceptual learning. Paper checking must be done in a more lucid manner because many doubts arise with the checking of OMR sheet.,0.0,examination,Neutral,5,239,examination pattern good logic based subjective question asked based upon conceptual learning paper checking must done lucid manner many doubt arise checking omr sheet
all these are good,1.0,examination,Positive,8,18,good
the best pattern of examination are in lpu .,1.0,examination,Positive,8,44,best pattern examination lpu
mid term percentage should be increased so that students get more choice to get success in the examinations,0.0,examination,Neutral,5,107,mid term percentage increased student get choice get success examination
"good
",1.0,examination,Positive,8,5,good
The examination system of the university is very impressive.The sitting plan of he students is made in such a way that no 2 students of same class give the exam in same room or even sometimes same blocks.Through this students also get to know and visit different blocks of the university.The checking is also fair .,1.0,examination,Positive,8,315,examination system university impressive sitting plan student made way student class give exam room even sometimes block student also get know visit different block university checking also fair
Everything is pretty well organised,1.0,examination,Positive,8,35,everything pretty well organised
very good 5/5,1.0,examination,Positive,8,13,good
for some subjects like maths and english(passage writing) the time duration neds to increase,-1.0,examination,Negative,2,92,subject like math english passage writing time duration neds increase
"Pattern is good ...marks distribution that includes ca,mt,et ,nd attendence all that is  little complicated ",0.0,examination,Neutral,5,108,pattern good mark distribution includes attendence little complicated
every thing is fine.,1.0,examination,Positive,8,20,every thing fine
Probably the best part of university is its examination and its pattern.,1.0,examination,Positive,8,72,probably best part university examination pattern
"I have never seen this type of examination,,,,,,,very GOOD  pattern",1.0,examination,Positive,8,67,never seen type examination good pattern
"examination checking sucks here , don't knw why I get low marks even if 4 qustions are wrong . answer key of exam is absurd, discrepancy system is not advantageous, answers of exam not right, omr should be uploaded


",-1.0,examination,Negative,2,217,examination checking suck knw get low mark even qustions wrong answer key exam absurd discrepancy system advantageous answer exam right omr uploaded
It is best,1.0,examination,Positive,8,10,best
"examination pattern is good but,,there is blunder mistake.that is we ha no alternate to check the mistake where we have done morever no question papers also not given for discussion.so i suggest to..provide option for checking mistakes in the MCQ exams such as midterm.",-1.0,examination,Negative,2,269,examination pattern good blunder mistake alternate check mistake done morever question paper also given discussion suggest provide option checking mistake mcq exam midterm
time not sufficient,-1.0,examination,Negative,2,19,time sufficient
exam pattern is good ,1.0,examination,Positive,8,21,exam pattern good
excellent!!!,1.0,examination,Positive,8,12,excellent
every thing is excllent but paper checking is not good,0.0,examination,Neutral,5,54,every thing excllent paper checking good
We don't get answers key and even the question papers for our mcq exams.There should be some means by which we could recheck our answers and get to know what mistakes we have made.,-1.0,examination,Negative,2,180,get answer key even question paper mcq exam mean could recheck answer get know mistake made
  exam pattern is very nice but paper checking is not at all good .,0.0,examination,Neutral,5,67,exam pattern nice paper checking good
Exam pattern and marks distribution are excellent but sometimes there are some errors in paper checking.,0.0,examination,Neutral,5,104,exam pattern mark distribution excellent sometimes error paper checking
exam  pattern is very good but if you give question papers to students it is helpful ,0.0,examination,Neutral,5,85,exam pattern good give question paper student helpful
its better,1.0,examination,Positive,8,10,better
"Exam pattern Very good, Marks distribution good but sometimes disappointing, paper checking OK

",1.0,examination,Positive,8,96,exam pattern good mark distribution good sometimes disappointing paper checking
yeah its obviously good,1.0,examination,Positive,8,23,yeah obviously good
exam pattern is completely different the entire exams are objective oriented resumbling  the education in abroad my review is 5/5,1.0,examination,Positive,8,129,exam pattern completely different entire exam objective oriented resumbling education abroad review
everything was good.,1.0,examination,Positive,8,20,everything good
everything is good.,1.0,examination,Positive,8,19,everything good
"excellent but checking procedure is not exceptable since we  fail to know our faults in mid term..
",0.0,examination,Neutral,5,99,excellent checking procedure exceptable since fail know fault mid term
"Excellent exam pattern, paper checking in this university is easy

",1.0,examination,Positive,8,67,excellent exam pattern paper checking university easy
I don't like the -ve marking system. appart from that everything is great,0.0,examination,Neutral,5,73,like marking system appart everything great
"Returning the question paper after the exams to be expected,because to clear and clarify the doubts regarding particular subjects",-1.0,examination,Negative,2,129,returning question paper exam expected clear clarify doubt regarding particular subject
examination pattern was excellent,1.0,examination,Positive,8,33,examination pattern excellent
"Exams are conducted upon the the basis of the revised chapters upto that point, marks distribution is appropriate, paper checking is good

",1.0,examination,Positive,8,139,exam conducted upon basis revised chapter upto point mark distribution appropriate paper checking good
very hard papers and main concept papers,0.0,examination,Neutral,5,40,hard paper main concept paper
 Not so good,-1.0,examination,Negative,2,12,good
strict paper correction.,-1.0,examination,Negative,2,24,strict paper correction
super but paper checking is not good,0.0,examination,Neutral,5,36,super paper checking good
NICE TIMING..,1.0,examination,Positive,8,13,nice timing
That's good to have a negative marking pattern in exam but the time is not sufficient to do all the questions.,0.0,examination,Neutral,5,110,good negative marking pattern exam time sufficient question
EXAMPATTERN IS GOOD AND MARKS DISTRIBUTION IS ALSO GOOD AND PAPER CHECKING IS VERY HARD ,1.0,examination,Positive,8,88,exampattern good mark distribution also good paper checking hard
all are good ,1.0,examination,Positive,8,13,good
The examination pattern is good .But time is not sufficient for those questions.,0.0,examination,Neutral,5,80,examination pattern good time sufficient question
MCQ pattern is quite good and efficient way for evolving students.,1.0,examination,Positive,8,66,mcq pattern quite good efficient way evolving student
PAPER CHECKING IS VERY HARD REMAINING IS GOOD,0.0,examination,Neutral,5,45,paper checking hard remaining good
"not satisfactory, lab work must include latest technologies",-1.0,labwork,Negative,2,59,satisfactory lab work must include latest technology
Lab work is properly covered in the labs by the faculty and evaluations help to learn more practical knowledge in depth. ,1.0,labwork,Positive,8,121,lab work properly covered lab faculty evaluation help learn practical knowledge depth
practical work provides detail knowledge of theoretical work,1.0,labwork,Positive,8,60,practical work provides detail knowledge theoretical work
Everything is going fine in lab . learning new things. That is good for us,1.0,labwork,Positive,8,74,everything going fine lab learning new thing good
Lab and practical are not upto the mark. The topic which are practiced are almost already done in Btech.,-1.0,labwork,Negative,2,104,lab practical upto mark topic practiced almost already done btech
Not upto the mark,-1.0,labwork,Negative,2,17,upto mark
lab improves practical knowledge,-1.0,labwork,Negative,2,32,lab improves practical knowledge
Sometimes systems at labs are screwed up .Otherwise everything is  at their respected desk.,0.0,labwork,Neutral,5,91,sometimes system lab screwed otherwise everything respected desk
Practical work is fair,1.0,labwork,Positive,8,22,practical work fair
Practical and easy learning,1.0,labwork,Positive,8,27,practical easy learning
"The evaluation is again bad for our CA, as one of our faculty is really weird. He gives us remarks on the basis of how we present things in front of it, he never look for the content of our answer, which is really annoying. As he expects us to deliver answer in the way he wants us to do. But how can a person do that, as people do have different mentality and they do explain themselves in different manner, so a teacher must understand that quality of a child and should give him marks on the basis of what they say not what they should say.",-1.0,labwork,Negative,2,543,evaluation bad one faculty really weird give remark basis present thing front never look content answer really annoying expects deliver answer way want person people different mentality explain different manner teacher must understand quality child give mark basis say say
Good.,1.0,labwork,Positive,8,5,good
well and good infrastructure and have trending software in lab    ,1.0,labwork,Positive,8,66,well good infrastructure trending software lab
3 hours practical is so long. It should be of 2 hours only ,-1.0,labwork,Negative,2,59,hour practical long hour
practicle must be of 2 hours,-1.0,labwork,Negative,2,28,practicle must hour
"It's good 
Also depends on teacher's knowledge and student's interest",1.0,labwork,Positive,8,69,good also depends teacher knowledge student interest
All good,1.0,labwork,Positive,8,8,good
Average ,0.0,labwork,Neutral,5,8,average
Too much lanlb file work,-1.0,labwork,Negative,2,24,much lanlb file work
Evaluation method is gud.But the content is more to write in file,0.0,labwork,Neutral,5,65,evaluation method gud content write file
I think electrotherapy practical should be of 2 hours.That's enough I think.Rest is fine.,0.0,labwork,Neutral,5,89,think electrotherapy practical hour enough think rest fine
lab duration of 3 hours is very long . ,-1.0,labwork,Negative,2,39,lab duration hour long
lab evaluations are pretty good .they help us a lot.,1.0,labwork,Positive,8,52,lab evaluation pretty good help lot
having good material in labs.,1.0,labwork,Positive,8,29,good material lab
too much good,1.0,labwork,Positive,8,13,much good
it is difficult to understand experiment in 1 hour,-1.0,labwork,Negative,2,50,difficult understand experiment hour
lab work is also good,1.0,labwork,Positive,8,21,lab work also good
lab work is quite good,1.0,labwork,Positive,8,22,lab work quite good
lab activities are good but not satisfactory in explaining point of view.,0.0,labwork,Neutral,5,73,lab activity good satisfactory explaining point view
helps in improving skills,1.0,labwork,Positive,8,25,help improving skill
lab work is nice.,1.0,labwork,Positive,8,17,lab work nice
practical work including evaluations are good so that students can learn about practicals.,1.0,labwork,Positive,8,90,practical work including evaluation good student learn practicals
laboratory provides us a good knowledge about practicals.,1.0,labwork,Positive,8,57,laboratory provides good knowledge practicals
practical work insome labs are not upto the marks,-1.0,labwork,Negative,2,49,practical work insome lab upto mark
labs are good but experiments are not very informative,0.0,labwork,Neutral,5,54,lab good experiment informative
the labs are not practically built,-1.0,labwork,Negative,2,34,lab practically built
practical work is good,1.0,labwork,Positive,8,22,practical work good
super,1.0,labwork,Positive,8,5,super
This is the best in our university because there is no other university which takes seriously for practical work.,1.0,labwork,Positive,8,113,best university university take seriously practical work
"some time lab is not proper working , some teacher's practical knowledge is less on the other side evaluations is not that much good   ",-1.0,labwork,Negative,2,135,time lab proper working teacher practical knowledge less side evaluation much good
very poor.no equipments are there,-1.0,labwork,Negative,2,33,poor equipment
poor,-1.0,labwork,Negative,2,4,poor
lab practicals and evaluations are below average and need lot of changes and improvements,-1.0,labwork,Negative,2,89,lab practicals evaluation average need lot change improvement
lab practical work can further be improved so that it can meet industrial standards,-1.0,labwork,Negative,2,83,lab practical work improved meet industrial standard
excellent work,1.0,labwork,Positive,8,14,excellent work
its hard to find a computer working in lab. Students cannot save data in one single PC,-1.0,labwork,Negative,2,86,hard find computer working lab student cannot save data one single
"Not good, becouse in lab teachers donot teach us how to work on live projects or how to make a live project. So i have ovserved that whatever teachers have been teachig us in lab that will not usefull in our future life.",-1.0,labwork,Negative,2,220,good becouse lab teacher donot teach work live project make live project ovserved whatever teacher teachig lab usefull future life
not good..the timing is too much for labs and syllabus is also so vast.we don't get propr revision,-1.0,labwork,Negative,2,98,good timing much lab syllabus also vast get propr revision
satisfactory.,1.0,labwork,Positive,8,13,satisfactory
i hate it,-1.0,labwork,Negative,2,9,hate
Practical work is in interesting but different teachers evaluate in their own way. Some of the teachers in some section  give marks without taking viva and some does not give marks accordingly ,-1.0,labwork,Negative,2,193,practical work interesting different teacher evaluate way teacher section give mark without taking viva give mark accordingly
as per the lab evaluation we r satisfied with  it,1.0,labwork,Positive,8,49,per lab evaluation satisfied
lab and practical work are litial good,1.0,labwork,Positive,8,38,lab practical work litial good
not very good... must be improved.,-1.0,labwork,Negative,2,34,good must improved
With the help of practicals students are able to understand all the concept.so it is also good.,1.0,labwork,Positive,8,95,help practicals student able understand concept also good
LAB IS VERY GOOD,1.0,labwork,Positive,8,16,lab good
not good...... must be improve,-1.0,labwork,Negative,2,30,good must improve
Lab evaluations are good.,1.0,labwork,Positive,8,25,lab evaluation good
it was good but it can be improved,0.0,labwork,Neutral,5,34,good improved
"most of the teacher don't even bother about the practical performed by students.They give marks just by seeing face or something like that.
",-1.0,labwork,Negative,2,140,teacher even bother practical performed student give mark seeing face something like
good  but marks are not given properly ,-1.0,labwork,Negative,2,39,good mark given properly
practicals are good but evaluations are not because they don't give enough time to work ,0.0,labwork,Neutral,5,88,practicals good evaluation give enough time work
They are conducted in proper way.,1.0,labwork,Positive,8,33,conducted proper way
Teachers are supposed to let the students know the actual use of the instruments used in the lab.,0.0,labwork,Neutral,5,97,teacher supposed let student know actual use instrument used lab
excellent ...they  work hard..their way of teaching is also pretty good,1.0,labwork,Positive,8,71,excellent work hard way teaching also pretty good
average 3.5/5,0.0,labwork,Neutral,5,13,average
"In labs,the lecturers has to interact with each student to improve their knowledge, in all the ways,before giving us the work they must explain about the experiment once so that we will come to know how to perform n take precautions while doing,........
",0.0,labwork,Neutral,5,254,lab lecturer interact student improve knowledge way giving work must explain experiment come know perform take precaution
its fine.,1.0,labwork,Positive,8,9,fine
More number of lab/practicals should be there to enhance practical knowledge.,-1.0,labwork,Negative,2,77,number lab practicals enhance practical knowledge
Here we r able to do every thing by our own with u r valuable support ,1.0,labwork,Positive,8,70,able every thing valuable support
pretty good,1.0,labwork,Positive,8,11,pretty good
Very Good,1.0,labwork,Positive,8,9,good
There are no sufficient lab equipments in the labs and the avilable euipments are also not perfect.,-1.0,labwork,Negative,2,99,sufficient lab equipment lab avilable euipments also perfect
it is good leaning in lab but the lab instruments are not properly working,0.0,labwork,Neutral,5,74,good leaning lab lab instrument properly working
very bad,1.0,labwork,Positive,8,8,bad
labs are very interesting it is helpful to know the knowledge,1.0,labwork,Positive,8,61,lab interesting helpful know knowledge
According to me students are doing lab only for marks .,-1.0,labwork,Negative,2,55,according student lab mark
lab practical work help us to learn the things properly and evalution is also very necessary as it helps us to retain concepts,1.0,labwork,Positive,8,126,lab practical work help learn thing properly evalution also necessary help retain concept
Lab or practical work is excellent and yes including evaluations also.,1.0,labwork,Positive,8,70,lab practical work excellent yes including evaluation also
lab is very much helpful,1.0,labwork,Positive,8,24,lab much helpful
in lab also they are showing parilaty,-1.0,labwork,Negative,2,37,lab also showing parilaty
Lab evaluations are very strict,-1.0,labwork,Negative,2,31,lab evaluation strict
the lab evaluations are very strict ,-1.0,labwork,Negative,2,36,lab evaluation strict
labs n practicals are good.,1.0,labwork,Positive,8,27,lab practicals good
practicals are pretty well.,1.0,labwork,Positive,8,27,practicals pretty well
There is good evaluations in lab regarding practicle ,1.0,labwork,Positive,8,53,good evaluation lab regarding practicle
Its Good,1.0,labwork,Positive,8,8,good
lab and practical works are good..with a little draw back of faculty in connecting  the lab practical to the outside  world..,0.0,labwork,Neutral,5,125,lab practical work good little draw back faculty connecting lab practical outside world
I like it soo much,1.0,labwork,Positive,8,18,like soo much
Lab is good the Prof explains everything before the lab begins and the Lab Asst helps us during the experiments ,1.0,labwork,Positive,8,112,lab good prof explains everything lab begin lab asst help experiment
very strcitly they evaluted marks ,-1.0,labwork,Negative,2,34,strcitly evaluted mark
Good enough,1.0,labwork,Positive,8,11,good enough
nice..enough,1.0,labwork,Positive,8,12,nice enough
labs are interesting and helpful toknoe the knowledge,1.0,labwork,Positive,8,53,lab interesting helpful toknoe knowledge
NOT GOOD ...,-1.0,labwork,Negative,2,12,good
Labs helps to know how the work is done.It thought me a good lessons.,1.0,labwork,Positive,8,69,lab help know work done thought good lesson
IT IS GOOD,1.0,labwork,Positive,8,10,good
all labs and practical going on well,1.0,labwork,Positive,8,36,lab practical going well
Labs are upto the mark.,1.0,labwork,Positive,8,23,lab upto mark
Our labs do not have all facalities. ,-1.0,labwork,Negative,2,37,lab facalities
ALL PRACTICAL WORK IS GOOD,1.0,labwork,Positive,8,26,practical work good
library facilities are good but number of books are less,0.0,library_facilities,Neutral,5,56,library facility good number book less
Not good ,-1.0,library_facilities,Negative,2,9,good
Library facilities are excellent in terms of good techniques that are used over there.,1.0,library_facilities,Positive,8,86,library facility excellent term good technique used
"Its the best thing i have seen in this university,albeit the behaviour of library staff is unprofessional at times. They are whimsically rude.",0.0,library_facilities,Neutral,5,142,best thing seen university albeit behaviour library staff unprofessional time whimsically rude
library has huge collection of books from different authors,1.0,library_facilities,Positive,8,59,library huge collection book different author
Hardworking,1.0,library_facilities,Positive,8,11,hardworking
I am satisfied with the facilities but few books are limited of  database distribution ,0.0,library_facilities,Neutral,5,87,satisfied facility book limited database distribution
Its required some libral in rules,-1.0,library_facilities,Negative,2,33,required libral rule
good library facilities,1.0,library_facilities,Positive,8,23,good library facility
Library facilities are very good. No issues ,1.0,library_facilities,Positive,8,44,library facility good issue
Again some of the faculties don't know how to behave otherwise it is good.,0.0,library_facilities,Neutral,5,74,faculty know behave otherwise good
library is very well managed and provide needed facilities to us,1.0,library_facilities,Positive,8,64,library well managed provide needed facility
They are doing there job well,1.0,library_facilities,Positive,8,29,job well
"Well... all the books are not avilable . If they are in library , books are in less number and strength of student are large.",-1.0,library_facilities,Negative,2,125,well book avilable library book less number strength student large
all books are not available,-1.0,library_facilities,Negative,2,27,book available
the system in library usually does not work . so it creates a problem for us to issue the book,-1.0,library_facilities,Negative,2,94,system library usually work creates problem issue book
"Sometimes only book is available for some subjects
And it is reserved",-1.0,library_facilities,Negative,2,69,sometimes book available subject reserved
Its very helpful,1.0,library_facilities,Positive,8,16,helpful
"Awesome, peaceful, relaxing atmosphere",1.0,library_facilities,Positive,8,38,awesome peaceful relaxing atmosphere
All books are not available,-1.0,library_facilities,Negative,2,27,book available
I think number of books are very less according to the students .Only 2-3 copies are available.,-1.0,library_facilities,Negative,2,95,think number book less according student copy available
Thats good,1.0,library_facilities,Positive,8,10,thats good
I think stock is not enough more books are required. ,-1.0,library_facilities,Negative,2,53,think stock enough book required
very cooperative ,1.0,library_facilities,Positive,8,17,cooperative
Satisfactory,1.0,library_facilities,Positive,8,12,satisfactory
Fine ,1.0,library_facilities,Positive,8,5,fine
Fine,1.0,library_facilities,Positive,8,4,fine
library facilities provided are excellent,1.0,library_facilities,Positive,8,41,library facility provided excellent
good facilities,1.0,library_facilities,Positive,8,15,good facility
better,1.0,library_facilities,Positive,8,6,better
some books are not available. So please provide,-1.0,library_facilities,Negative,2,47,book available please provide
there are doing there job good,1.0,library_facilities,Positive,8,30,job good
all are hardworking and punctual,1.0,library_facilities,Positive,8,32,hardworking punctual
library is awesome and rich,1.0,library_facilities,Positive,8,27,library awesome rich
they are good,1.0,library_facilities,Positive,8,13,good
library facility is good,1.0,library_facilities,Positive,8,24,library facility good
library facilities are good for students.,1.0,library_facilities,Positive,8,41,library facility good student
very good library facilities. Issuing time of book must be increased,1.0,library_facilities,Positive,8,68,good library facility issuing time book must increased
more books should be provided and the issue period should be increased,-1.0,library_facilities,Negative,2,70,book provided issue period increased
never went there,0.0,library_facilities,Neutral,5,16,never went
book issuing time should be increased for 2 weeks,-1.0,library_facilities,Negative,2,49,book issuing time increased week
Really our library provides very good facilites for students and teachers but fine  system was not good it was directly increased upto 10.This is not a good thing.,0.0,library_facilities,Neutral,5,163,really library provides good facilites student teacher fine system good directly increased upto good thing
Its good and proper design,1.0,library_facilities,Positive,8,26,good proper design
library contains all the books regarding courses and other materials and very cooperative library staff,1.0,library_facilities,Positive,8,103,library contains book regarding course material cooperative library staff
all the books are easily available and accessable and the limit of book issued need to be increased,1.0,library_facilities,Positive,8,99,book easily available accessable limit book issued need increased
library facilities are good . Every book is available in the library,1.0,library_facilities,Positive,8,68,library facility good every book available library
"as per libraries, few books are not available and in computer library there are hardly 5 PCs working",-1.0,library_facilities,Negative,2,100,per library book available computer library hardly pc working
books are less,-1.0,library_facilities,Negative,2,14,book less
i love it,1.0,library_facilities,Positive,8,9,love
i think library facilities are only for hostelers ,-1.0,library_facilities,Negative,2,50,think library facility hostelers
Capacity of library is less compared to size of university.,-1.0,library_facilities,Negative,2,59,capacity library less compared size university
library has providing excellent facilities,1.0,library_facilities,Positive,8,42,library providing excellent facility
It will provide us various books to increase our knowledge or to understand the  concept because it is good,1.0,library_facilities,Positive,8,107,provide various book increase knowledge understand concept good
duration of issuing   books from library should be changed from 1week to 2 week that would be great.,-1.0,library_facilities,Negative,2,100,duration issuing book library changed week week would great
absolutely fine all books are there but the thing is that the time limit is very less we have to return the book that we have issued  very fast,-1.0,library_facilities,Negative,2,143,absolutely fine book thing time limit less return book issued fast
i dont think about ,0.0,library_facilities,Neutral,5,19,dont think
very good.,1.0,library_facilities,Positive,8,10,good
It is excellent.,1.0,library_facilities,Positive,8,16,excellent
library facilities need to be improve by bringing some more books,-1.0,library_facilities,Negative,2,65,library facility need improve bringing book
EXELLENT,1.0,library_facilities,Positive,8,8,exellent
Library facilities are the strength of this university. It is awesome.,1.0,library_facilities,Positive,8,70,library facility strength university awesome
Almost each and every books is there.But the time limit for keeping book is too much shorted. ,0.0,library_facilities,Neutral,5,94,almost every book time limit keeping book much shorted
"waste ,library is not the good place to study",-1.0,library_facilities,Negative,2,45,waste library good place study
It's good but we don't find the books because their are much less number of books,0.0,library_facilities,Neutral,5,81,good find book much less number book
perfect,1.0,library_facilities,Positive,8,7,perfect
They are good.,1.0,library_facilities,Positive,8,14,good
it is very nice and timings of library is good 5/5,1.0,library_facilities,Positive,8,50,nice timing library good
"good but there is more need of keeping books of general topics about social,polity,gk,...etc other than related to subject so that we will get some knowledge about country related issues..............",0.0,library_facilities,Neutral,5,200,good need keeping book general topic social polity etc related subject get knowledge country related issue
Books are heavily outnumbered when compared to number of students this is the only problem with library.,0.0,library_facilities,Neutral,5,104,book heavily outnumbered compared number student problem library
Insufficient books ,-1.0,library_facilities,Negative,2,19,insufficient book
"I have no words to say about our library facilities,,,,,,,, SIMPLY AWESOME",1.0,library_facilities,Positive,8,74,word say library facility simply awesome
insufficient books,-1.0,library_facilities,Negative,2,18,insufficient book
"Library facility is very good but there is a problem collection of books, Available books are very less for some subjects  
",0.0,library_facilities,Neutral,5,124,library facility good problem collection book available book less subject
good enough.,1.0,library_facilities,Positive,8,12,good enough
rough handling,-1.0,library_facilities,Negative,2,14,rough handling
books are not available,-1.0,library_facilities,Negative,2,23,book available
librery facilities are excellent,1.0,library_facilities,Positive,8,32,librery facility excellent
Very rough handling,-1.0,library_facilities,Negative,2,19,rough handling
library facilites are good,1.0,library_facilities,Positive,8,26,library facilites good
yeah quite well but ... some of the books are not available,0.0,library_facilities,Neutral,5,59,yeah quite well book available
library facilities is good,1.0,library_facilities,Positive,8,26,library facility good
library facilty is good,1.0,library_facilities,Positive,8,23,library facilty good
"Library facilities are good, it maintains silence there and makes good environment to study but sometimes it goes very strict which is not required according to me.",1.0,library_facilities,Positive,8,164,library facility good maintains silence make good environment study sometimes go strict required according
uncertain,0.0,library_facilities,Neutral,5,9,uncertain
I like reading books in Library,1.0,library_facilities,Positive,8,31,like reading book library
i felt its better because there is no problem from library facilities,1.0,library_facilities,Positive,8,69,felt better problem library facility
Excellent     but sometimes lack of books especially during exam times,0.0,library_facilities,Neutral,5,70,excellent sometimes lack book especially exam time
libary is giving a lot to us  but we are not getting it,0.0,library_facilities,Neutral,5,55,libary giving lot getting
"i've never went to library in lpu.so,i don't know about that.",0.0,library_facilities,Neutral,5,61,never went library lpu know
I don't know abt that bcoz i didn't go to library till now.,0.0,library_facilities,Neutral,5,59,know abt bcoz library till
facilities are good to overcome one's need,1.0,library_facilities,Positive,8,42,facility good overcome one need
Required text books are not available to every student,-1.0,library_facilities,Negative,2,54,required text book available every student
library facilities are excellent...but only limited books are available ..so books should be increased.,0.0,library_facilities,Neutral,5,103,library facility excellent limited book available book increased
The library has insufficent number of books for all the students,-1.0,library_facilities,Negative,2,64,library insufficent number book student
very good there we can find several course books and we can find several reference books also...,1.0,library_facilities,Positive,8,96,good find several course book find several reference book also
"Library is vast and has got wide variety of books But I think more number of specimen copies of books should be made available
",0.0,library_facilities,Neutral,5,127,library vast got wide variety book think number specimen copy book made available
fine  ,1.0,library_facilities,Positive,8,6,fine
VERY NICE....BUT BOOKS ARE NOT AVAILABE EVERY TIME,0.0,library_facilities,Neutral,5,50,nice book availabe every time
IT IS ALSO GOOD,1.0,library_facilities,Positive,8,15,also good
library facilities are not good.They are not following the rules( they are using phones in library).,-1.0,library_facilities,Negative,2,100,library facility good following rule using phone library
They are good,1.0,library_facilities,Positive,8,13,good
We have a good library with all facalities.,1.0,library_facilities,Positive,8,43,good library facalities
"THEY IS NO PROBLEM WITH THEM
",-1.0,library_facilities,Negative,2,29,problem
extracurricular activities are excellent and provides best platform to students.,1.0,extracurricular,Positive,8,80,extracurricular activity excellent provides best platform student
Extra curricular activities also help students to divert their mind from their study for some time. University plays an important role in this task.,1.0,extracurricular,Positive,8,148,extra curricular activity also help student divert mind study time university play important role task
Complete wastage of time. Again this opinion is strictly personal and may not coincide with others.,-1.0,extracurricular,Negative,2,99,complete wastage time opinion strictly personal may coincide others
extracurricular activities increases mental and physical abilities,1.0,extracurricular,Positive,8,66,extracurricular activity increase mental physical ability
No views,0.0,extracurricular,Neutral,5,8,view
No idea about the extracurricular activities. ,0.0,extracurricular,Neutral,5,46,idea extracurricular activity
Good it provides a great platform,1.0,extracurricular,Positive,8,33,good provides great platform
While coming to extracurriculum activities it's better than any other university which I had come around.,1.0,extracurricular,Positive,8,105,coming extracurriculum activity better university come around
This university is no1 in terms of extracurricular activities and in encouraging students to participate at their comfort levels. ,1.0,extracurricular,Positive,8,130,university term extracurricular activity encouraging student participate comfort level
Great job,1.0,extracurricular,Positive,8,9,great job
Its give various opportunities and exposure,1.0,extracurricular,Positive,8,43,give various opportunity exposure
This is really a good thing that events happen in our university regularly but they must be announced early so that every student can prepare themselves for participation because sometimes we get to know about most of the events when they have already been conducted. So announcement must be there.,0.0,extracurricular,Neutral,5,298,really good thing event happen university regularly must announced early every student prepare participation sometimes get know event already conducted announcement must
extracurricular activities held in university are necessary it provides student a platform where they can improve and groom them.,1.0,extracurricular,Positive,8,129,extracurricular activity held university necessary provides student platform improve groom
They are really very intersting. All the students enjoys alot and get a chance to showcase there talent,1.0,extracurricular,Positive,8,103,really intersting student enjoys alot get chance showcase talent
its good for refreshment ,1.0,extracurricular,Positive,8,25,good refreshment
"It's appreciable
Students who are having interest in co curricular activities, getting a good platform",1.0,extracurricular,Positive,8,102,appreciable student interest curricular activity getting good platform
Good but lacks audience.....as only participants can see these activities on duty leave basis,0.0,extracurricular,Neutral,5,93,good lack audience participant see activity duty leave basis
All the activities are gud and appropriate for students,1.0,extracurricular,Positive,8,55,activity gud appropriate student
"Thats good but the problm is whenever in university the functions like one india, one world are held we are not alowed to go because we have to attend the classes and if we miss the classes we will gona loose the attendence and everyone knows in lpu attendnce is very important. 
Thanx",0.0,extracurricular,Neutral,5,285,thats good problm whenever university function like one india one world held alowed attend class miss class gona loose attendence everyone know lpu attendnce important thanx
Chance to go and enjoy should be given.I think it should be off when any activity like One India is there to go and enjoy.Otherwise everything is good. ,-1.0,extracurricular,Negative,2,152,chance enjoy given think activity like one india enjoy otherwise everything good
extracurricular activies should be held when there are no classes for the students to attend so that every student can enjoy and participate in the events,-1.0,extracurricular,Negative,2,154,extracurricular activies held class student attend every student enjoy participate event
they are amazing and help to boost our stamina.,1.0,extracurricular,Positive,8,47,amazing help boost stamen
increasing confidence,1.0,extracurricular,Positive,8,21,increasing confidence
best,1.0,extracurricular,Positive,8,4,best
extracurricular activities are good.,1.0,extracurricular,Positive,8,36,extracurricular activity good
"good it is, but teachers do not consider the new ones.",0.0,extracurricular,Neutral,5,54,good teacher consider new one
extracurrcular activities held in university is good.,1.0,extracurricular,Positive,8,53,extracurrcular activity held university good
"super, the extracurricular activities held in university. So that student can show the efforts in other fields.",1.0,extracurricular,Positive,8,111,super extracurricular activity held university student show effort field
good and ample number of extracurricular activities take place,1.0,extracurricular,Positive,8,62,good ample number extracurricular activity take place
they are good but they should give exposure to more students and not the same.,0.0,extracurricular,Neutral,5,78,good give exposure student
I donot participate,0.0,extracurricular,Neutral,5,19,donot participate
all are enough,1.0,extracurricular,Positive,8,14,enough
all activities are good,1.0,extracurricular,Positive,8,23,activity good
More than best,1.0,extracurricular,Positive,8,14,best
Its upto mark and very efficiently held in our university,1.0,extracurricular,Positive,8,57,upto mark efficiently held university
provides good platform to interested students,1.0,extracurricular,Positive,8,45,provides good platform interested student
no comments. Because when you participiate you get reappear or backlog and no time is given for exam preparation,-1.0,extracurricular,Negative,2,112,comment participiate get reappear backlog time given exam preparation
"the activities are very good but no time is given to students for participation, so its of no use",-1.0,extracurricular,Negative,2,97,activity good time given student participation use
lot of activities and students get exposure in games.,1.0,extracurricular,Positive,8,53,lot activity student get exposure game
too many activities are conducted and student get ample amount of opportunities to participate,1.0,extracurricular,Positive,8,94,many activity conducted student get ample amount opportunity participate
they are going excellent,1.0,extracurricular,Positive,8,24,going excellent
not much interested,0.0,extracurricular,Neutral,5,19,much interested
bcoz of lectures..we don't get time to participate..,-1.0,extracurricular,Negative,2,52,bcoz lecture get time participate
"i also want to participate in that activities but i can't take part in those activities because I'm a day scholar 
",-1.0,extracurricular,Negative,2,115,also want participate activity take part activity day scholar
Extracurricular activities are good and provide a  good platform.,1.0,extracurricular,Positive,8,65,extracurricular activity good provide good platform
It is good ,1.0,extracurricular,Positive,8,11,good
that's  great,1.0,extracurricular,Positive,8,13,great
hahahah,0.0,extracurricular,Neutral,5,7,hahahah
very good it is a good oppurtunities to many students,1.0,extracurricular,Positive,8,53,good good oppurtunities many student
there are many oppertunities for students .. its all upon students about how they utilize them.,1.0,extracurricular,Positive,8,95,many oppertunities student upon student utilize
Poor,0.0,extracurricular,Neutral,5,4,poor
some of the universities not conducted any extracurricular activities but in our university doing these it is good for our feature ,1.0,extracurricular,Positive,8,131,university conducted extracurricular activity university good feature
IT IS VERY MUCH USEFUL AND WE CAN PARTICIPATE IN OUR INTERESTS,1.0,extracurricular,Positive,8,62,much useful participate interest
excelent,1.0,extracurricular,Positive,8,8,excelent
Quite a lot of events are organized and students have a all round growth which is a nice thing.,1.0,extracurricular,Positive,8,95,quite lot event organized student round growth nice thing
Activities are not up to the mark as  advertisement.,-1.0,extracurricular,Negative,2,52,activity mark advertisement
very well,1.0,extracurricular,Positive,8,9,well
It's good but we don't get sufficient time for participating in that activities,0.0,extracurricular,Neutral,5,79,good get sufficient time participating activity
unbiased,1.0,extracurricular,Positive,8,8,unbiased
LPU gives the best opportunity for the students to show their talent.,1.0,extracurricular,Positive,8,69,lpu give best opportunity student show talent
these are very usefull to students .excellent,1.0,extracurricular,Positive,8,45,usefull student excellent
"there are lot of extracurricular activites held in university but so many of them are unknown to us ,the problem is there is no such ad's viewed to us
my rating is 3/5",0.0,extracurricular,Neutral,5,167,lot extracurricular activites held university many unknown problem viewed rating
these are very use full to the sudents forphysical activity and improvement of knowledge,1.0,extracurricular,Positive,8,88,use full sudents forphysical activity improvement knowledge
Sometimes study burden is that much that we can not participate in these activities ...there should b one activity complusory for every student like all other courses ,-1.0,extracurricular,Negative,2,167,sometimes study burden much participate activity one activity complusory every student like course
it helps in building up university's reputation.,1.0,extracurricular,Positive,8,48,help building university reputation
It was quite great and unique.,1.0,extracurricular,Positive,8,30,quite great unique
EXTRAORDINARY,1.0,extracurricular,Positive,8,13,extraordinary
it was quite great and unique,1.0,extracurricular,Positive,8,29,quite great unique
"it is relly awesome,extirdinary and marvellous but no time to attend",1.0,extracurricular,Positive,8,68,relly awesome extirdinary marvellous time attend
that is only good in this university,1.0,extracurricular,Positive,8,36,good university
excellent..... u r the best in providing facilties and etc .. for extra curricular activities,1.0,extracurricular,Positive,8,93,excellent best providing facilties etc extra curricular activity
extracurricular activities are also good,1.0,extracurricular,Positive,8,40,extracurricular activity also good
university offers alkot of activities which is excellent on their part as students are able to explore themselves,1.0,extracurricular,Positive,8,113,university offer alkot activity excellent part student able explore
Extracurricular activities are good. It helps people to know their talent and build up their skills.,1.0,extracurricular,Positive,8,100,extracurricular activity good help people know talent build skill
I am really enjoying ,1.0,extracurricular,Positive,8,21,really enjoying
i felt happy because it encourages our talents,1.0,extracurricular,Positive,8,46,felt happy encourages talent
Outstanding,1.0,extracurricular,Positive,8,11,outstanding
excellent  simply superb,1.0,extracurricular,Positive,8,24,excellent simply superb
"before coming to lpu i thought sports were very good n encouraging.but, there are many politics in sports especially in cricket.",-1.0,extracurricular,Negative,2,128,coming lpu thought sport good encouraging many politics sport especially cricket
not every one is getting opportunities here only recommended students getting.,-1.0,extracurricular,Negative,2,78,every one getting opportunity recommended student getting
it seems to me very good since it is a good source of interaction with other and to built a leadership quilities and to overcome our faults.,1.0,extracurricular,Positive,8,140,seems good since good source interaction built leadership quilities overcome fault
They are sportive,1.0,extracurricular,Positive,8,17,sportive
One of the best things I like about this university. The best of all.,1.0,extracurricular,Positive,8,69,one best thing like university best
They are extraordinary,1.0,extracurricular,Positive,8,22,extraordinary
extra curricular are so good. university is providing many pathways to many students....apart from education,1.0,extracurricular,Positive,8,108,extra curricular good university providing many pathway many student apart education
good they are knowledgebale and helps us interacting with other students,1.0,extracurricular,Positive,8,72,good knowledgebale help interacting student
in this university there is lot of events and lot of extra curriclar activities.... ,1.0,extracurricular,Positive,8,84,university lot event lot extra curriclar activity
The best,1.0,extracurricular,Positive,8,8,best
good..,1.0,extracurricular,Positive,8,6,good
excllent,1.0,extracurricular,Positive,8,8,excllent
VERY HIGH......NEED TO TAKE DOWN SOME ACCITIVTIES ................................NOISE POLLITION IN THE UNIVERSITY  ALWAYS A BIG PROBLEM.,-1.0,extracurricular,Negative,2,138,high need take accitivties noise pollition university always big problem
Yes.,1.0,extracurricular,Positive,8,4,yes
VERY GOOD,1.0,extracurricular,Positive,8,9,good
they all are held in super,1.0,extracurricular,Positive,8,26,held super
the extracurricular activities held in university  are very enjoyable and good,1.0,extracurricular,Positive,8,78,extracurricular activity held university enjoyable good
Our university has lot of extracurricular going on and it helps us a lot.,1.0,extracurricular,Positive,8,73,university lot extracurricular going help lot
IT IS THE BEST THING IN THIS UNIVERSITY I LIKE IT,1.0,extracurricular,Positive,8,49,best thing university like
